storeType,storeName,storeOwner,storeTelNumber,storeAddress,sd,sgg,storeArea,no,rnum
IT가전_B2B공식인증전문점,B2B가전특판,B2B가전특판,010-3655-7799,전북 전주시 완산구 효자로 92 3층,전라북도,전주시,,,1
IT가전_B2B공식인증전문점,HM토탈,HM토탈,010-8542-3609,"부산 남구 유엔평화로 114, 2층",부산광역시,남구 ,,,2
IT가전_B2B공식인증전문점,㈜가전각색,㈜가전각색,1555-5663,"서울 용산구 새창로 14길 6, 4층",서울특별시,용산구,,,3
IT가전_B2B공식인증전문점,㈜굿모닝씨티에스,㈜굿모닝씨티에스,02-3272-1140,서울 영등포구 선유로9길 10 1401호,서울특별시,영등포,,,4
IT가전_B2B공식인증전문점,㈜다온비투비,㈜다온비투비,010-4570-1551,충남 서산시 잠홍2길 5,충청남도,서산시,,,5
IT가전_B2B공식인증전문점,㈜다온시스템,㈜다온시스템,010-9130-4260,경기 고양시 덕양구 통일로770번길 35(관산동),경기도,고양시,,,6
IT가전_B2B공식인증전문점,㈜다윈네트웍,㈜다윈네트웍,010-6637-8584,인천 부평구 안남로 16번길 28 102호,인천광역시,부평구,,,7
IT가전_B2B공식인증전문점,㈜다혁,㈜다혁,070-8065-5201,"경남 창원시 성산구 반송로 43, 1층",경상남도,창원시,,,8
IT가전_B2B공식인증전문점,㈜대현플러스,㈜대현플러스,010-2915-5404,대구 수성구 공경로 31 ㈜대현플러스,대구광역시,수성구,,,9
IT가전_B2B공식인증전문점,㈜디에이블커머스,㈜디에이블커머스,02-6747-7330,경기 고양시 덕양구 으뜸로 50 덕은DMC 아이에스BIZ타워한강 A동 1608~1610,경기도,고양시,,,10
IT가전_B2B공식인증전문점,㈜디지털진,㈜디지털진,02-707-3326,"서울 동작구 대방동 15길 30, 1층",서울특별시,동작구,,,11
IT가전_B2B공식인증전문점,㈜메인텔레콤,㈜메인텔레콤,070-4481-8833,서울 마포구 모래내로5 상암우남퍼스트빌 202호,서울특별시,마포구,,,12
IT가전_B2B공식인증전문점,㈜목성엠에스,㈜목성엠에스,1899-7103,대구 북구 엑스코로 10 EXCO 서관 2층 216호,대구광역시,북구 ,,,13
IT가전_B2B공식인증전문점,㈜무비스시스템,㈜무비스시스템,010-3513-7115,대구 수성구 화랑로 150,대구광역시,수성구,,,14
IT가전_B2B공식인증전문점,㈜블루원,㈜블루원,1661-0195,서울 용산구 효창원로 6-4 금홍2빌딩,서울특별시,용산구,,,15
IT가전_B2B공식인증전문점,㈜서경비투비,㈜서경비투비,010-5670-1492,"부산 동래구 미남로146번길 12, 1층",부산광역시,동래구,,,16
IT가전_B2B공식인증전문점,㈜스마트아이앤씨,㈜스마트아이앤씨,02-3147-0088,서울 마포구 아현동 437-3 고려아카데미텔 1021호,서울특별시,마포구,,,17
IT가전_B2B공식인증전문점,㈜신동비투비,㈜신동비투비,010-8269-7777,서울 송파구 새말로10길 18-1,서울특별시,송파구,,,18
IT가전_B2B공식인증전문점,㈜신한비투비,㈜신한비투비,053-384-5050,대구 북구 유통단지로7길 31-5,대구광역시,북구 ,,,19
IT가전_B2B공식인증전문점,㈜씨씨티비네오텍,㈜씨씨티비네오텍,02-712-7673,서울 금천구 디지털로9길 68 대륭포스트타워 5차 8층 806호,서울특별시,금천구,,,20
IT가전_B2B공식인증전문점,㈜씨앤제이시스템,㈜씨앤제이시스템,010-7635-6114,광주 광산구 하남동 고봉로 125번안길 24,광주광역시,광산구,,,21
IT가전_B2B공식인증전문점,㈜에스엠솔루션,㈜에스엠솔루션,010-4764-0750,경기 하남시 미사강변중앙로 31번길 15 1동 716호？,경기도,하남시,,,22
IT가전_B2B공식인증전문점,㈜에스오공조,㈜에스오공조,010-2504-7754,경기 수원시 팔달구 화서동 93-26 성오스포츠 4층,경기도,수원시,,,23
IT가전_B2B공식인증전문점,㈜에스와이에스리테일,㈜에스와이에스리테일,010-9295-1043,서울 용산구 청파로 74,서울특별시,용산구,,,24
IT가전_B2B공식인증전문점,㈜에어픽,㈜에어픽,010-5002-6532,"경기 화성시 동탄대로 643, 8층 815호",경기도,화성시,,,25
IT가전_B2B공식인증전문점,㈜에프엠비아이지,㈜에프엠비아이지,02-790-6150,"서울 용산구 한강대로15길 9-5, 판디아빌딩 1층",서울특별시,용산구,,,26
IT가전_B2B공식인증전문점,㈜엘에스엘,㈜엘에스엘,010-6619-1291,"경기 파주시 문산읍 봉미로32번길 13, 제비동？제 3층 제 301호",경기도,파주시,,,27
IT가전_B2B공식인증전문점,㈜엠파워시스템,㈜엠파워시스템,02-869-8870,서울 용산구 한강로2가419번지 아스테리움용산 4층,서울특별시,용산구,,,28
IT가전_B2B공식인증전문점,㈜예스특판,㈜예스특판,055-281-9638,"경남 창원시 마산합포구 북성로 5 , 402호",경상남도,창원시,,,29
IT가전_B2B공식인증전문점,㈜올음,㈜올음,1544-0349,부산 강서구 명지오션시티9로 45,부산광역시,강서구,,,30
IT가전_B2B공식인증전문점,㈜위드민네트웍,㈜위드민네트웍,02-837-8880,"서울 금천구 가산디지털2로 70, 608호, (가산동, 대륭테크노타운19차)",서울특별시,금천구,,,31
IT가전_B2B공식인증전문점,㈜이스트림,㈜이스트림,02-712-5454,"서울 금천구 가산디지털2로 18, 601호",서울특별시,금천구,,,32
IT가전_B2B공식인증전문점,㈜이알아이,㈜이알아이,02-464-1644,"서울 광진구 광나루로 56길 85 사무동 403호(구의동, 테크노마트 21)",서울특별시,광진구,,,33
IT가전_B2B공식인증전문점,㈜이지에스,㈜이지에스,010-4512-7943,대구 수성구 알파시티1로 37길 20,대구광역시,수성구,,,34
IT가전_B2B공식인증전문점,㈜제이디코퍼레이션,㈜제이디코퍼레이션,02-2138-3607,"경기 성남시 수정구 위례광장로 19 (창곡동, 아이페리온) 510호",경기도,성남시,,,35
IT가전_B2B공식인증전문점,㈜주원씨앤에스,㈜주원씨앤에스,010-2393-3255,"경기 김포시 양촌읍 김포한강4로 391, 2층",경기도,김포시,,,36
IT가전_B2B공식인증전문점,㈜커넥트링크,㈜커넥트링크,032-712-9001,인천 부평구 대정로 7 219호,인천광역시,부평구,,,37
IT가전_B2B공식인증전문점,㈜케이투비,㈜케이투비,010-4154-8804,"인천 남동구 호구포로 139, 청류지산 지식산업센터 509호",인천광역시,남동구,,,38
IT가전_B2B공식인증전문점,㈜트러스트솔루션,㈜트러스트솔루션,010-2234-4580,"서울 구로구 디지털로 243, 706호(구로동,지하이시티)",서울특별시,구로구,,,39
IT가전_B2B공식인증전문점,㈜티앤티솔루션,㈜티앤티솔루션,02-716-0547,"서울 광진구 구의동 596-6 티앤티솔루션빌딩 (5, 6층)",서울특별시,광진구,,,40
IT가전_B2B공식인증전문점,㈜티에스인터네셔널,㈜티에스인터네셔널,010-3626-0840,"부산 사하구 장평로299번길 7, 3층",부산광역시,사하구,,,41
IT가전_B2B공식인증전문점,㈜파인즈,㈜파인즈,02-6461-8580,"서울 송파구 법원로9길 26, C-206 (문정동, 에이치비즈니스파크)",서울특별시,송파구,,,42
IT가전_B2B공식인증전문점,㈜퓨쳐아이넷,㈜퓨쳐아이넷,02-848-0104,"서울 영등포구 신길동, 1351-3번지",서울특별시,영등포,,,43
IT가전_B2B공식인증전문점,㈜프렌즈웍스,㈜프렌즈웍스,033-761-9778,강원 원주시 양지로 68-1,강원도,원주시,,,44
IT가전_B2B공식인증전문점,㈜하주씨앤씨,㈜하주씨앤씨,010-8572-7184,서울 용산구 원효로41길 34？,서울특별시,용산구,,,45
IT가전_B2B공식인증전문점,㈜한빛멀티시스템,㈜한빛멀티시스템,02-463-8892,서울 성동구 왕십리로 14길 13 4층,서울특별시,성동구,,,46
IT가전_B2B공식인증전문점,㈜한양비투비,㈜한양비투비,070-4348-5728,"경남 진주시 서장대로 213번길 15, 한양빌딩",경상남도,진주시,,,47
IT가전_B2B공식인증전문점,골든,골든,010-6409-5671,대전 유성구 유성대로 510 오토월드 225호,대전광역시,유성구,,,48
IT가전_B2B공식인증전문점,글로벌비투비,글로벌비투비,010-8986-3279,"경기 화성시 동탄순환대로 878, 동탄IT타워 207,208호",경기도,화성시,,,49
IT가전_B2B공식인증전문점,나우비투비,나우비투비,010-2747-0747,대전 서구 둔산남로 184 1층,대전광역시,서구 ,,,50
IT가전_B2B공식인증전문점,드림정보시스템,드림정보시스템,010-3602-9156</br>062-525-2710,"광주 북구 용봉동, 1350-1번지",광주광역시,북구 ,,,51
IT가전_B2B공식인증전문점,라온테크,라온테크,010-6403-7945,"대전 서구 만년로67번길？34-26, 305호(만년동, 만년스퀘어)",대전광역시,서구 ,,,52
IT가전_B2B공식인증전문점,미디어메이트,미디어메이트,02-2693-6733,서울 양천구 목동로 23길 1 3층,서울특별시,양천구,,,53
IT가전_B2B공식인증전문점,미르앤사람들,미르앤사람들,010-8004-8679,충북 청주시 상당구 용담로 21번길 24,충청북도,청주시,,,54
IT가전_B2B공식인증전문점,바름비투비,바름비투비,033-746-3650,강원 원주시 서원대로 266,강원도,원주시,,,55
IT가전_B2B공식인증전문점,바이츠,바이츠,02-6958-8164,경기 파주시 와석순환로 511 2층 203호,경기도,파주시,,,56
IT가전_B2B공식인증전문점,베스트B2B,베스트B2B,010-4748-4266,부산 사하구 승학로 47-4 102호,부산광역시,사하구,,,57
IT가전_B2B공식인증전문점,베스트케어플러스㈜,베스트케어플러스㈜,010-9588-3720,"서울 강남구 논현로 515 아승빌딩 2층 (역삼동, 아승빌딩)",서울특별시,강남구,,,58
IT가전_B2B공식인증전문점,브랜즈웰,브랜즈웰,02-3453-3342,서울 강남구 논현로 94길 32 5층,서울특별시,강남구,,,59
IT가전_B2B공식인증전문점,비엔솔루션,비엔솔루션,070-8780-5034,"인천 부평구 부평대로 337, 820~822호",인천광역시,부평구,,,60
IT가전_B2B공식인증전문점,스마트 솔루션,스마트 솔루션,010-3579-2377,"광주 서구 군분2로 54, 237호, (화정동, 금호월드)",광주광역시,서구 ,,,61
IT가전_B2B공식인증전문점,스마트인㈜,스마트인㈜,070-4117-0461,서울 강서구 공항대로 190 1005호(마곡동 프리마타워),서울특별시,강서구,,,62
IT가전_B2B공식인증전문점,스타일비투비,스타일비투비,010-5610-6295<br/>062-954-6294,"광주 광산구 왕버들로252번길 10 수완대라수어썸테라스 상가동 405호, 406호",광주광역시,광산구,,,63
IT가전_B2B공식인증전문점,아바마니아,아바마니아,055-364-9770,경남 양산시 금오4길 33,경상남도,양산시,,,64
IT가전_B2B공식인증전문점,아이티서브,아이티서브,070-7727-0209,"서울 용산구 원효로 53길 50, 1층 (주)아이티서브",서울특별시,용산구,,,65
IT가전_B2B공식인증전문점,에스씨엔씨,에스씨엔씨,010-9002-8960,경기 파주시 가람로 116번길 107 운정한강듀클래스 218호,경기도,파주시,,,66
IT가전_B2B공식인증전문점,에스앤지솔루션,에스앤지솔루션,010-7767-0406,"서울 영등포구 여의서로 43, 816호, (여의도동, 한서리버파크), 07239, KR",서울특별시,영등포,,,67
IT가전_B2B공식인증전문점,에이텍씨앤,에이텍씨앤,031-698-7930,경기 성남시 분당구 판교로 289,경기도,성남시,,,68
IT가전_B2B공식인증전문점,엘에스솔루션㈜,엘에스솔루션㈜,010-5761-6040,경기 구리시 갈매동 510 구리스마트벤쳐타워 710호,경기도,구리시,,,69
IT가전_B2B공식인증전문점,온누리에어컨㈜,온누리에어컨㈜,010-3210-3616,경기 하남시 감초로131번길 36-48,경기도,하남시,,,70
IT가전_B2B공식인증전문점,와이티에스,와이티에스,02-716-5556,서울 마포구 마포대로 15 현대빌딩 204호,서울특별시,마포구,,,71
IT가전_B2B공식인증전문점,유건홀딩스㈜,유건홀딩스㈜,02-474-1666,경기 하남시 조정대로 45 미사센텀비즈 F510,경기도,하남시,,,72
IT가전_B2B공식인증전문점,유니서브,유니서브,02-701-9553,서울 용산구 원효로 19길 59 한미빌딩 1층,서울특별시,용산구,,,73
IT가전_B2B공식인증전문점,이라인비즈,이라인비즈,02-761-3982,서울 동작구 여의대방로26길 24 드림타워 3층？,서울특별시,동작구,,,74
IT가전_B2B공식인증전문점,일진씨앤씨㈜,일진씨앤씨㈜,070-7596-2130,경남 창원시 마산합포구 합포로 250,경상남도,창원시,,,75
IT가전_B2B공식인증전문점,제이에스엠,제이에스엠,010-6870-9986,경기 남양주시 다산지금로202 현대테라타워 A동 8층 31호,경기도,남양주,,,76
IT가전_B2B공식인증전문점,제이제이컴비즈,제이제이컴비즈,010-2027-8357,서울 마포구 독막로 331 마스터즈타워 1607호,서울특별시,마포구,,,77
IT가전_B2B공식인증전문점,제주비투비㈜,제주비투비㈜,010-7171-2837,제주 제주시 애조로 1864,제주도,제주시,,,78
IT가전_B2B공식인증전문점,주식회사 비케이공조시스템즈,주식회사 비케이공조시스템즈,070-7834-4878,부산 수영구 광남로31 9층,부산광역시,수영구,,,79
IT가전_B2B공식인증전문점,지원커머셜,지원커머셜,010-7422-0311,대전 서구 배재로 155-40 배재대 하워드관 H214호,대전광역시,서구 ,,,80
IT가전_B2B공식인증전문점,지이스토리,지이스토리,02-711-9071,서울 용산구 백범로90라길 47 E스퀘어 2층,서울특별시,용산구,,,81
IT가전_B2B공식인증전문점,청마비앤지,청마비앤지,010-2231-1622,"인천 서구 승학로483번길 2, 우정프라자 302호",인천광역시,서구 ,,,82
IT가전_B2B공식인증전문점,퍼스트,퍼스트,010-2446-8282,충북 청주시 서원구 궁뜰로 21,충청북도,청주시,,,83
IT가전_B2B공식인증전문점,포에이테크,포에이테크,010-9075-3267,"서울 금천구 가산디지털1로 19, 대륭테크노타운 18차 13층",서울특별시,금천구,,,84
IT가전_B2B공식인증전문점,하이큐,하이큐,031-707-6119,경기 성남시 분당구 야탑동 150번지 분당 테크노파크 A동 703호,경기도,성남시,,,85
IT가전_B2B공식인증전문점,행복프라자,행복프라자,010-8230-5528,대구 북구 유통단지로 45 1층 51호 행복프라자,대구광역시,북구 ,,,86
IT가전_B2B공식인증전문점,(주)디지탈노뜨,(주)디지탈노뜨,02-3465-2600,"서울 서초구 효령로 304 11층 52,53호",서울특별시,서초구,,,87
IT가전_B2B공식인증전문점,(주)이피코리아,(주)이피코리아,010-8745-0703,서울 성동구 아차산로116 삼연빌딩,서울특별시,성동구,,,88
IT가전_B2B공식인증전문점,(주)지엘비투비,(주)지엘비투비,010-5799-5540,제주 제주시 인다9길 27,제주도,제주시,,,89
CAC_공식인증전문점,TAC공조설비㈜,TAC공조설비㈜,051-207-7771,부산 사상구 새벽시장로 141-1,부산광역시,사상구,,,1
CAC_공식인증전문점,㈜가람이엔지,㈜가람이엔지,031-795-1346,경기 하남시 미사강변중앙로 170번길 10 5층 502호,경기도,하남시,,,2
CAC_공식인증전문점,㈜가전각색,㈜가전각색,02-567-3133,경기 부천시 원미구 정주로 53,경기도,부천시,,,3
CAC_공식인증전문점,㈜강원브이아이피시스템 ,㈜강원브이아이피시스템 ,033-263-6166,강원 춘천시 동내면 동내로 141 2층,강원도,춘천시,,,4
CAC_공식인증전문점,㈜경기공조시스템,㈜경기공조시스템,031-238-1500,"경기 화성시 정남면 서봉로 855, 201호",경기도,화성시,,,5
CAC_공식인증전문점,㈜고래솔루션,㈜고래솔루션,010-8630-1447,충남 아산시 탕정면 이순신대로 442？ 4층 417호,충청남도,아산시,,,6
CAC_공식인증전문점,㈜금강이앤지,㈜금강이앤지,041-855-7779,충남 공주시 무령로 294,충청남도,공주시,,,7
CAC_공식인증전문점,㈜네오시스이노베이션,㈜네오시스이노베이션,1544-6352,"서울 송파구 법원로8길 8, 문정역2차 SK V1 7층 703,704호",서울특별시,송파구,,,8
CAC_공식인증전문점,㈜뉴에어솔루션,㈜뉴에어솔루션,02-849-7767,"서울 영등포구 여의대방로 61길2, 909호 (신길동, 천록빌딩)",서울특별시,영등포,,,9
CAC_공식인증전문점,㈜다온이엔지,㈜다온이엔지,031-5180-3366,"경기 하남시 하남대로947, 하남테크노밸리 U1센터 D동 1214호",경기도,하남시,,,10
CAC_공식인증전문점,㈜다원에어시스,㈜다원에어시스,1555-7726,세종시 소정면 소정구길 228,세종특별자치시, 소정,,,11
CAC_공식인증전문점,㈜대림공조,㈜대림공조,053-981-6777,대구 북구 호국로 17,대구광역시,북구 ,,,12
CAC_공식인증전문점,㈜대신공조,㈜대신공조,053-755-3637,대구 북구 대현동 227-16,대구광역시,북구 ,,,13
CAC_공식인증전문점,㈜대한공조,㈜대한공조,053-567-3434,대구시 달성군 가창면 가창로 1106-7,대구광역시, 달성,,,14
CAC_공식인증전문점,㈜동영,㈜동영,054-774-8181,경북 포항시 남구 효자동 604-2번지 동영빌딩 3층,경상북도,포항시,,,15
CAC_공식인증전문점,㈜동형공조,㈜동형공조,053-753-2331,대구광역시 북구 유통단지로3길 4-11 (산격동) 2층,대구광역시,역시 ,,,16
CAC_공식인증전문점,㈜미래공조,㈜미래공조,032-565-7771,인천 서구 승학로 516,인천광역시,서구 ,,,17
CAC_공식인증전문점,㈜미래이앤씨,㈜미래이앤씨,062-710-7150,광주 광산구 신창동 643-1,광주광역시,광산구,,,18
CAC_공식인증전문점,㈜바람숲시스템,㈜바람숲시스템,070-7608-6349,"경기 남양주시 순화궁로 249 제지식산업센터 2동 M1820호(별내동, 별내역 파라곤스퀘어)",경기도,남양주,,,19
CAC_공식인증전문점,㈜부강에프앤지,㈜부강에프앤지,02-439-7788,"서울 중랑구 신내역로 111 A동 709호, 신내 SK V1 CENTER",서울특별시,중랑구,,,20
CAC_공식인증전문점,㈜부흥공조,㈜부흥공조,031-794-9999,경기 하남시 감초로69번길 26,경기도,하남시,,,21
CAC_공식인증전문점,㈜비에스에어텍,㈜비에스에어텍,02-3430-1961,"경기 고양시 덕양구 청초로 10 A동 12층 AB12-1205호(덕은동, 지엘메트로시티한강)",경기도,고양시,,,22
CAC_공식인증전문점,㈜비엘파트너스,㈜비엘파트너스,051-715-5751,"부산 북구 덕천로 381번길 46, 4층",부산광역시,북구,,,23
CAC_공식인증전문점,㈜삼양인터내셔날,㈜삼양인터내셔날,02-3670-9670,"서울 종로구 계동길 31 (재동, 보헌빌딩)",서울특별시,종로구,,,24
CAC_공식인증전문점,㈜삼영시스템공조,㈜삼영시스템공조,051-808-7555,부산 부산진구 시민공원로 19번길 53-13,부산광역시,부산진,,,25
CAC_공식인증전문점,㈜삼원시스템즈,㈜삼원시스템즈,031-373-1761,경기 화성시 동탄기흥로 257번가길 19 (방교동),경기도,화성시,,,26
CAC_공식인증전문점,㈜새론이엔에스,㈜새론이엔에스,02-6257-0841,"경기 과천시 과천대로7길 33, A동 805호 (갈현동, 디 테크 타워 과천)",경기도,과천시,,,27
CAC_공식인증전문점,㈜새한공조,㈜새한공조,064-762-7036,제주 서귀포시 일주동로 8383 (토평동),제주도,서귀포,,,28
CAC_공식인증전문점,㈜성운이엔지,㈜성운이엔지,042-935-9989,"대전 유성구 테크노2로 319, 에이동 (탑립동)",대전광역시,유성구,,,29
CAC_공식인증전문점,㈜세원공조시스템,㈜세원공조시스템,1544-1464,"경기 평택시 고덕면 문곡2길 27, A동 1층",경기도,평택시,,,30
CAC_공식인증전문점,㈜센시스템 ,㈜센시스템 ,053-621-0058,대구 동구 팔공로 227 1층,대구광역시,동구 ,,,31
CAC_공식인증전문점,㈜센텀공조이엔지,㈜센텀공조이엔지,051-759-1665,부산 해운대구 반여로 155번지 다길 41  3층,부산광역시,해운대,,,32
CAC_공식인증전문점,㈜신화공조기술,㈜신화공조기술,02-597-9779,"서울 서초구 동광로 12가길 3, 인재빌딩 4층",서울특별시,서초구,,,33
CAC_공식인증전문점,㈜아라비앤에이,㈜아라비앤에이,02-2693-6733,"서울 양천구 목동로23길 1, 3층 (신정동) ",서울특별시,양천구,,,34
CAC_공식인증전문점,㈜아이스하우스,㈜아이스하우스,031-557-0563,경기 남양주시 남양주시 다산지금로 202 현대테라타워DIMC B동 7층 0049~0052호,경기도,남양주,,,35
CAC_공식인증전문점,㈜아이제이시스템공조 ,㈜아이제이시스템공조 ,051-504-9119,부산 부산진구 황령대로64번길 28(전포동),부산광역시,부산진,,,36
CAC_공식인증전문점,㈜아이티솔루션,㈜아이티솔루션,02-2633-1712,서울 영등포구 양평로157 선유도투웨니퍼스트밸리 1712호,서울특별시,영등포,,,37
CAC_공식인증전문점,㈜에너지컨설팅,㈜에너지컨설팅,070-4667-6711,인천 남동구 서창남순환로 62(서창동),인천광역시,남동구,,,38
CAC_공식인증전문점,㈜에스오공조,㈜에스오공조,031-245-8883,경기 수원시 팔달구 팔달로 105 성오스포츠센터 4층,경기도,수원시,,,39
CAC_공식인증전문점,㈜에스오에스공조 ,㈜에스오에스공조 ,062-575-1136,광주 광산구 아산길 14,광주광역시,광산구,,,40
CAC_공식인증전문점,㈜에스티이엔지,㈜에스티이엔지,051-328-0997,부산 해운대구 재반로 142-6 2층,부산광역시,해운대,,,41
CAC_공식인증전문점,㈜에어비씨,㈜에어비씨,02-488-4312,"서울 중랑구 신내역로3길 40-36, B동 3층 312호 (신내동, 신내데시앙플렉스)",서울특별시,중랑구,,,42
CAC_공식인증전문점,㈜에어컨구미총판,㈜에어컨구미총판,054-457-0400,경북 구미시 박정희로 409,경상북도,구미시,,,43
CAC_공식인증전문점,㈜에어컨설팅,㈜에어컨설팅,1566-9855,"부산 강서구 명지국제13로가길 1, 1층 (명지동)",부산광역시,강서구,,,44
CAC_공식인증전문점,㈜에어컨총판,㈜에어컨총판,031-386-7272,경기 안양시 동안구 흥안대로 94번길 68 양우내안애펠리스 상가 212호,경기도,안양시,,,45
CAC_공식인증전문점,㈜에어코딩 (구.강서에어컨총판),㈜에어코딩 (구.강서에어컨총판),02-2663-4488,"서울 강서구 화곡로 68길 15, 1105호, 가양아벨테크노지식산업센터",서울특별시,강서구,,,46
CAC_공식인증전문점,㈜에이디이앤씨,㈜에이디이앤씨,031-8023-9696,"서울 송파구 위례순환로 478, 9층 901호~904호 (장지동, 센트라포레)",서울특별시,송파구,,,47
CAC_공식인증전문점,㈜에이스원시스템,㈜에이스원시스템,02-3664-5660,"서울 강서구 마곡중앙1로 20, 마곡M시그니처, 917-918호",서울특별시,강서구,,,48
CAC_공식인증전문점,㈜에이케이시스템앤솔루션,㈜에이케이시스템앤솔루션,02-501-9984,"서울 송파구 송파대로 260, 제일오피스텔 1301호",서울특별시,송파구,,,49
CAC_공식인증전문점,㈜엘림공조,㈜엘림공조,1544-1033,경기 고양시 일산동구 노첨길 74 엘림공조,경기도,고양시,,,50
CAC_공식인증전문점,㈜예스특판 ,㈜예스특판 ,055-281-9635,경남 창원시 마산합포구 북성로5 창동 오피스텔 402호,경상남도,창원시,,,51
CAC_공식인증전문점,㈜오륜공조,㈜오륜공조,02-484-1602,"서울 강동구 성내로14길 30, 오륜빌딩 5층",서울특별시,강동구,,,52
CAC_공식인증전문점,㈜오케이시스템,㈜오케이시스템,033-766-7878,"강원 원주시 남원로 592, 지하1층 (명륜동, 대영빌딩)",강원도,원주시,,,53
CAC_공식인증전문점,㈜올바른시스템,㈜올바른시스템,055-339-2227,경남 김해시 삼계중앙로5번길 15 1층,경상남도,김해시,,,54
CAC_공식인증전문점,㈜원일공조,㈜원일공조,031-274-7777,"경기 성남시 중원구 사기막골로 148, 제지1층 제비105호, 제비106호(상대원동)",경기도,성남시,,,55
CAC_공식인증전문점,㈜웰스코리아,㈜웰스코리아,02-6097-6001~2,서울 영등포구 당산로 41길 11 SK V1센터 W동 B139,서울특별시,영등포,,,56
CAC_공식인증전문점,㈜위더원,㈜위더원,010-3443-0026,"경기 의왕시 광진말로 54, 비동 632호 (초평동)",경기도,의왕시,,,57
CAC_공식인증전문점,㈜윈디,㈜윈디,1533-2545,대구 동구 도평로 10-23,대구광역시,동구 ,,,58
CAC_공식인증전문점,㈜유봄이엔지,㈜유봄이엔지,02-6952-2400,"서울 강서구 공항대로 219, 9층 919호 (마곡동, 센테니아)",서울특별시,강서구,,,59
CAC_공식인증전문점,㈜유신공조시스템,㈜유신공조시스템,054-433-7706,대구 수성구 고모로 116,대구광역시,수성구,,,60
CAC_공식인증전문점,㈜유앤아이시스템,㈜유앤아이시스템,055-243-2422,"경남 창원시 마산합포구 중앙동1가, 1-28 1층",경상남도,창원시,,,61
CAC_공식인증전문점,㈜으뜸공조,㈜으뜸공조,02-2291-6688,"서울 성동구 성수이로 10길 14 (에이스하이엔드성수타워), 901호",서울특별시,성동구,,,62
CAC_공식인증전문점,㈜이노에스티,㈜이노에스티,02-1811-7478,"서울 송파구 동남로4길 19, 2층 (문정동)",서울특별시,송파구,,,63
CAC_공식인증전문점,㈜이엠이앤지 ,㈜이엠이앤지 ,070-7510-8800,서울 강남구 논현로26길 18-4 2층,서울특별시,강남구,,,64
CAC_공식인증전문점,㈜이젠아이,㈜이젠아이,02-515-3300,서울 강남구 언주로 129길 20 한국관세사회관 3층,서울특별시,강남구,,,65
CAC_공식인증전문점,㈜이좋은공조,㈜이좋은공조,02-749-8944,"서울 용산구 백범로90라길 47, 4층(이스퀘어)",서울특별시,용산구,,,66
CAC_공식인증전문점,㈜이천공조,㈜이천공조,031-633-0018,경기 이천시 호법면 안평리 61,경기도,이천시,,,67
CAC_공식인증전문점,㈜일진공조,㈜일진공조,061-745-0888,전남 순천시 해룡산단5로 87,전라남도,순천시,,,68
CAC_공식인증전문점,㈜정진이앤지,㈜정진이앤지,1588-2065,"충남 서산시 홍천로 47, 2층 (잠흥동, 현주빌딩)",충청남도,서산시,,,69
CAC_공식인증전문점,㈜제이앤지,㈜제이앤지,063-271-3207,전북 전주시 완산구 효자동 2가쑥고개로 208,전라북도,전주시,,,70
CAC_공식인증전문점,㈜제주공조,㈜제주공조,064-745-9977,제주 제주시 연삼로 92 (오라삼동),제주도,제주시,,,71
CAC_공식인증전문점,㈜주원씨앤아이,㈜주원씨앤아이,031-976-7878,경기 김포시 양촌읍 김포한강4로 391,경기도,김포시,,,72
CAC_공식인증전문점,㈜준형,㈜준형,042-935-6975,대전 유성구 유성대로 1434(방현동 420번지),대전광역시,유성구,,,73
CAC_공식인증전문점,㈜케이엘 공조,㈜케이엘 공조,1644-8482,"경기 수원시 권선구 호매실로 21-36, 행정타운프라자 404/405호",경기도,수원시,,,74
CAC_공식인증전문점,㈜코리아엔지니어링,㈜코리아엔지니어링,031-488-8400,경기 시흥시 동서로 180-4,경기도,시흥시,,,75
CAC_공식인증전문점,㈜크린공조시스템,㈜크린공조시스템,02-717-1222,서울 용산구 원효로35길 47,서울특별시,용산구,,,76
CAC_공식인증전문점,㈜큰산공조,㈜큰산공조,055-785-3377,경남 양산시 산막공단북9길 53 (산막동),경상남도,양산시,,,77
CAC_공식인증전문점,㈜태등,㈜태등,062 -382-3884,광주 서구 상무대로 873,광주광역시,서구 ,,,78
CAC_공식인증전문점,㈜태륭이엔씨 ,㈜태륭이엔씨 ,02-2185-0070,경기 고양시 일산동구 호수로 358-39 동문타워1차 520호,경기도,고양시,,,79
CAC_공식인증전문점,㈜태원시스템,㈜태원시스템,042-489-8751,대전 서구 도산로470 1층,대전광역시,서구 ,,,80
CAC_공식인증전문점,㈜토퍼스엔지니어링,㈜토퍼스엔지니어링,02-3439-2880,"서울 영등포구 경인로 775, 1동 602호 (문래동3가, 에이스하이테크시티)",서울특별시,영등포,,,81
CAC_공식인증전문점,㈜티앤티온,㈜티앤티온,02-718-7800,"서울 용산구 새창로 101 용문동, 충영빌딩 4층",서울특별시,용산구,,,82
CAC_공식인증전문점,㈜풍림공조시스템,㈜풍림공조시스템,02-2163-8822,"서울 구로구 디지털로 31길 62 (구로동, 에이스아티스포럼 1216, 1217호)",서울특별시,구로구,,,83
CAC_공식인증전문점,㈜피티에이공조,㈜피티에이공조,1644-7154,경기 화성시 동탄지성로 422(반월동) ,경기도,화성시,,,84
CAC_공식인증전문점,㈜하나비젼씨스템즈,㈜하나비젼씨스템즈,032-834-2806,"인천 연수구 갯벌로 129, 505호 (송도동, 산업기술연구집적센터)",인천광역시,연수구,,,85
CAC_공식인증전문점,㈜하나에어시스템,㈜하나에어시스템,031-916-7777,경기 고양시 일산서구 덕이로172번길 4-12,경기도,고양시,,,86
CAC_공식인증전문점,㈜하나이엔지,㈜하나이엔지,043-286-4214,충북 청주시 서원구 장성동 산17,충청북도,청주시,,,87
CAC_공식인증전문점,㈜하나플러스,㈜하나플러스,041-543-4214,충남 아산시 온주길16번길 888-34(장촌동),충청남도,아산시,,,88
CAC_공식인증전문점,㈜하슬라,㈜하슬라,02-424-0034,"서울 송파구 송파대로 167, 에이동 1220호 (문정동, 테라타워)",서울특별시,송파구,,,89
CAC_공식인증전문점,㈜하이공조,㈜하이공조,031-315-6646,"경기 시흥시 금오로 192-1, 3층 (무지내동)",경기도,시흥시,,,90
CAC_공식인증전문점,㈜하이공조시스템,㈜하이공조시스템,055-237-0777,경남 창원시 의창구 명서동 185-11번지,경상남도,창원시,,,91
CAC_공식인증전문점,㈜하이테크공조,㈜하이테크공조,02-3463-7673,서울 서초구 양재동 1-23  단성빌딩 402호,서울특별시,서초구,,,92
CAC_공식인증전문점,㈜한국공조시스템,㈜한국공조시스템,064-752-1300,제주 제주시 황사 평길 2 / 제주시 화북2동 3141-4,제주도,제주시,,,93
CAC_공식인증전문점,㈜현공조시스템,㈜현공조시스템,055-714-1176,경남 창원시 진해구 충장로 339,경상남도,창원시,,,94
CAC_공식인증전문점,㈜현일이앤씨,㈜현일이앤씨,02-400-3434,"서울 송파구 도곡로446, 4층 403호",서울특별시,송파구,,,95
CAC_공식인증전문점,㈜호감,㈜호감,02-449-7003,서울 송파구 법원로11길 7 문정현대지식산업센터 1-2 씨동 2층 218호,서울특별시,송파구,,,96
CAC_공식인증전문점,공조기산업㈜,공조기산업㈜,02-796-1238,경기 고양시 일산 동구 성현로 482번길 5,경기도,고양시,,,97
CAC_공식인증전문점,공조기특판산업㈜,공조기특판산업㈜,032-812-2100,인천 연수구 옥련동 566-1,인천광역시,연수구,,,98
CAC_공식인증전문점,국제건일㈜,국제건일㈜,02-931-7777,"서울 노원구 노원로15길 10(하계동, 하계테크노타운 A동 702호)",서울특별시,노원구,,,99
CAC_공식인증전문점,금아냉열㈜,금아냉열㈜,055-747-8849,"경남 진주시 촉석로 86번길5, 인사동",경상남도,진주시,,,100
CAC_공식인증전문점,대구총판,대구총판,053-766-0042,대구 수성구 수성4가 1236-60,대구광역시,수성구,,,101
CAC_공식인증전문점,대전공조,대전공조,042-489-0088,대전 서구 용문동 216-31(도솔로519번길 50),대전광역시,서구 ,,,102
CAC_공식인증전문점,동안공조㈜,동안공조㈜,031-458-3400,경기 안양시 동안구 엘에스로91번길 7 2층,경기도,안양시,,,103
CAC_공식인증전문점,디앤이㈜,디앤이㈜,02-2237-7766,서울 중구 다산로 212 (신당동) ,서울특별시,중구 ,,,104
CAC_공식인증전문점,디지털국제공조㈜,디지털국제공조㈜,031-556-7500,경기 남양주시 경춘로 804-108(일패동),경기도,남양주,,,105
CAC_공식인증전문점,디지털에어시스템㈜,디지털에어시스템㈜,02-408-2430,"경기 하남시 검단산로 66,1층,2층 (하산곡동)",경기도,하남시,,,106
CAC_공식인증전문점,리더스엔지니어링,리더스엔지니어링,033-734-8201,강원 원주시 흥업면 사제리 200-20,강원도,원주시,,,107
CAC_공식인증전문점,비앤에이테크㈜,비앤에이테크㈜,02-486-3796,서울 송파구 가락동 120 / 공장 주소: 경기도 양주시 남면 구암리 368-5,서울특별시,송파구,,,108
CAC_공식인증전문점,서울공조㈜,서울공조㈜,02-578-7778,서울 송파구 송파대로 167 (문정동) 테라타워 B동 409호 ,서울특별시,송파구,,,109
CAC_공식인증전문점,성화공조시스템㈜,성화공조시스템㈜,02-2203-4955,서울 송파구 법원로 114 (문정동) 엠스테이트 B동 901호,서울특별시,송파구,,,110
CAC_공식인증전문점,세연시스템공조㈜,세연시스템공조㈜,041-557-8592~3,충남 천안시 두정중8길 1-10,충청남도,천안시,,,111
CAC_공식인증전문점,세종시스템㈜,세종시스템㈜,042-541-2041,대전 서구 변동 252-62,대전광역시,서구 ,,,112
CAC_공식인증전문점,세종이엔텍,세종이엔텍,044-863-8735,대전 서구 갈마로117번길 39,대전광역시,서구 ,,,113
CAC_공식인증전문점,센츄리냉동냉장㈜,센츄리냉동냉장㈜,010-3628-4669,전남 나주시 남평읍 교원교촌길 30,전라남도,나주시,,,114
CAC_공식인증전문점,시스템에어컨㈜,시스템에어컨㈜,062-529-5577,광주 북구 하서로 817,광주광역시,북구 ,,,115
CAC_공식인증전문점,신광공조시스템,신광공조시스템,02-446-8433,경기 하남시 미사강변서로25 미사테스타타워 F322,경기도,하남시,,,116
CAC_공식인증전문점,신화공조,신화공조,055-245-2000,경남 창원시 마산합포구 상남동 268-5,경상남도,창원시,,,117
CAC_공식인증전문점,씨앤씨공조㈜,씨앤씨공조㈜,1551-1267,"서울 관악구 은천로 24, 3층 301호 (봉천동)",서울특별시,관악구,,,118
CAC_공식인증전문점,에스에이치이엔지,에스에이치이엔지,02-6405-7124,"서울 성북구 월계로 36길 15, 2층",서울특별시,성북구,,,119
CAC_공식인증전문점,에스에이플러스㈜,에스에이플러스㈜,02-444-1155,서울 광진구 구의동 251-13,서울특별시,광진구,,,120
CAC_공식인증전문점,에어솔루션㈜,에어솔루션㈜,043-266-1330,충북 청주시 상당구 용담로 21번길 24 (문화동),충청북도,청주시,,,121
CAC_공식인증전문점,에어컨특판㈜,에어컨특판㈜,031-235-0650,경기 수원시 팔달구 인계동 994-8 동일빌딩 201호,경기도,수원시,,,122
CAC_공식인증전문점,에어테크㈜,에어테크㈜,02-2636-2042,서울 영등포구 양평로30길 14 세종앤까뮤스퀘어 203호,서울특별시,영등포,,,123
CAC_공식인증전문점,에이스공조㈜,에이스공조㈜,031-476-3540,경기 안양시 동안구 시민대로 327번길 12-30 6층,경기도,안양시,,,124
CAC_공식인증전문점,에이에이씨케이이엔지㈜,에이에이씨케이이엔지㈜,02-525-0152,"서울 금천구 가산디지털1로 171, 제 1816호 (가산동, 가산에스케이브이원센터)",서울특별시,금천구,,,125
CAC_공식인증전문점,에이치에스이엔지㈜,에이치에스이엔지㈜,055-313-8228,경남 김해시 부곡동 672-2,경상남도,김해시,,,126
CAC_공식인증전문점,엘에스네오텍㈜,엘에스네오텍㈜,02-1588-1502,서울 중랑구 겸재로 124 엘지빌딩 1층,서울특별시,중랑구,,,127
CAC_공식인증전문점,엠에이산업㈜,엠에이산업㈜,032-663-2326,인천 부평구 경인로 956 5층,인천광역시,부평구,,,128
CAC_공식인증전문점,영등포엔지니어링,영등포엔지니어링,02-2678-6439,서울 영등포구 영신로 220 KNK디지털타워 1501호,서울특별시,영등포구,,,129
CAC_공식인증전문점,온누리공조(주),온누리공조(주),010-7294-6680,"경기 하남시 조정대로 35, 미사 하우스디 엘타워 3층 F323호",경기도,하남시,,,130
CAC_공식인증전문점,원스랜드㈜,원스랜드㈜,052-266-0700,울산 남구 번영로 51,울산광역시,남구 ,,,131
CAC_공식인증전문점,이너스㈜,이너스㈜,02-2124-2326,"서울 성동구 성수일로 89, 308호 (성수동1가, Metamorpho(지식산업센터))",서울특별시,성동구,,,132
CAC_공식인증전문점,이엘이시스템㈜,이엘이시스템㈜,1877-4788,충남 천안시 서북구 신당새터1길 73-50,충청남도,천안시,,,133
CAC_공식인증전문점,진영공조(주),진영공조(주),031-948-1171,경기 파주시 탄현면 방촌로955번길 34-10,경기도,파주시,,,134
CAC_공식인증전문점,청남공조기술㈜,청남공조기술㈜,042-631-7000,대전 유성구 지족동 892-1,대전광역시,유성구,,,135
CAC_공식인증전문점,청우이엔지,청우이엔지,042-224-4077,대전 중구 문화1동 192-17,대전광역시,중구 ,,,136
CAC_공식인증전문점,충만시스템공조㈜,충만시스템공조㈜,02-6745-2020,"서울 금천구 시흥대로 193, 10층 1016호 (시흥동, 아람아이씨탸워)",서울특별시,금천구,,,137
CAC_공식인증전문점,코리아이엔지㈜,코리아이엔지㈜,031-375-3777</br>031-376-2377,"경기 오산시 오산로 336, 1층 (궐동)",경기도,오산시,,,138
CAC_공식인증전문점,태웅이엔에스㈜,㈜태웅이엔에스㈜,010-5462-5900,충북 청주시 흥덕구 평동로 126번길 6,충청북도,청주시,,,139
CAC_공식인증전문점,트리코시스템㈜,트리코시스템㈜,02-2088-6431,서울 서초구 마방로2길 15-8 (양재동),서울특별시,서초구,,,140
CAC_공식인증전문점,피엔케이엔지니어링㈜,피엔케이엔지니어링㈜,031-479-4742,"경기 의왕시 이미로 40 B동 712호(포일동, 인덕원IT밸리)",경기도,의왕시,,,141
CAC_공식인증전문점,한국공조에스에이㈜,한국공조에스에이㈜,02-822-0008,서울 동작구 상도로 41 (미진빌딩 4층),서울특별시,동작구,,,142
CAC_공식인증전문점,한시스템㈜,한시스템㈜,042-543-2845,대전 유성구 유성대로 802 5층,대전광역시,유성구,,,143
CAC_공식인증전문점,화인에어텍,화인에어텍,1544-0375,경기 안성시 미양로 950-19,경기도,안성시,,,144
CAC_공식인증전문점,(유)우경에너텍,(유)우경에너텍,063-831-5152,전북 완주군 이서면 이서남로 59,전라북도,완주군,,,145
CAC_공식인증전문점,(유)유진시스템공조,(유)유진시스템공조,063-244-4000,전북 전주시 덕진구 삼례로 71,전라북도,전주시,,,146
CAC_공식인증전문점,(유)지에이시스템,(유)지에이시스템,063-241-2000,"전북 전주시 완산구 백제대로 305 (중화산동 2가, 3층)",전라북도,전주시,,,147
CAC_공식인증전문점,(주)강릉공조기상사,㈜강릉공조기상사,033-642-7555,강원 강릉시 경강로 2236 1층,강원도,강릉시,,,148
CAC_공식인증전문점,(주)다온이엔지,(주)다온이엔지,031-485-3030,경기 안산시 상록구 부곡동 261-35(도로명 주소 생성 전임),경기도,안산시,,,149
CAC_공식인증전문점,(주)디엔아이이엔씨,(주)디엔아이이엔씨,032-876-2101~3,"인천&#160;인주대로 458번길 8, 4층",인천광역시,미추홀구,,,150
CAC_공식인증전문점,(주)베스트공조,(주)베스트공조,033-655-6888,강원 강릉시 관솔길 22-17,강원도,강릉시,,,151
CAC_공식인증전문점,(주)산드리공조,(주)산드리공조,02-2217-5579&#160;,서울 동대문구 답십리로56길 21 두산상가 201호,서울특별시,동대문구,,,152
CAC_공식인증전문점,(주)센트라공조,(주)센트라공조,010-9914-5405,"서울 금천구 서부샛길 648, 대륭테크노타워6차 104호",서울특별시,금천구,,,153
CAC_공식인증전문점,(주)엠아이텍,(주)엠아이텍,042-931-3106,충남 계룡시 제1산단로 26-12,충청남도,계룡시,,,154
CAC_공식인증전문점,(주)우주시스템,(주)우주시스템,010-3024-3461,광주 북구 용두택지로 65,광주광역시,북구,,,155
CAC_공식인증전문점,(주)유니온공조이엔지,(주)유니온공조이엔지,032-501-7777,인천 부평대로 283 우림라이온스벨리 C-205,인천광역시,부평구,,,156
CAC_공식인증전문점,(주)은성알앤디,(주)은성알앤디,052-260-8126,울산 남구 정동로 126 4층,울산광역시,남구,,,157
CAC_공식인증전문점,(주)티에스인터네셔널,(주)티에스인터네셔널,051-714-0466,"부산 사하구 장평로299번길 7, 3층 302호",부산광역시,사하구,,,158
CAC_공식인증전문점,(주)한강시스템,(주)한강시스템,055-742-5353,"경남 진주시 서장대로 213번길 15, 한양빌딩 2층 (이현동)",경상남도,진주시,,,159
CAC_공식인증전문점,(주)협신이엠에스,(주)협신이엠에스,062-366-7300 / 010-8188-7300,광주 남구 효덕로209 3층,광주광역시,남구,,,160
CAC_전시매장,주식회사 오투공조,김지환,02-576-8246,서울특별시 강남구 논현로 26길 18-5 2층,,,so,1,
CAC_전시매장,(주)이엠이앤지,정진우,070-7510-8800,서울특별시 강남구 논현로26길 18-4 2층,,,so,2,
CAC_전시매장,주식회사 시스템엘브이,김윤하,070-7726-6511,"서울특별시 강남구 영동대로 740, 청담동 더 리버스청담 1603호",,,so,3,
CAC_전시매장,(주)에이케이시스템앤솔루션,김주현,02-501-9984,서울특별시 강남구 테헤란로 418(대치동) 11층 1101호,,,so,4,
CAC_전시매장,주식회사 가온공조,김동윤,02-478-0963,서울특별시 강동구 선사로6길 20 (천호동),,,so,5,
CAC_전시매장,㈜오륜공조,문운식,02-484-1602,서울특별시 강동구 성내로14길 30 (성내동) 3층,,,so,6,
CAC_전시매장,㈜에이스원시스템,조양훈,02-3664-5660,"서울특별시 강서구 공항대로 164 609호, 610호",,,so,7,
CAC_전시매장,㈜에어코딩 (구.강서에어컨총판),유의현,02-2663-4488,"서울특별시 강서구 화곡로 68길 15, 1105호",,,so,8,
CAC_전시매장,콘티넨탈공조㈜,송병덕,02-2201-6565,서울특별시 광진구 구의동 74-13 석영빌딩3층,,,so,9,
CAC_전시매장,㈜나이스에어,나평운,02-2233-6900,서울특별시 광진구 서울특별시 광진구 군자동 127-18,,,so,10,
CAC_전시매장,㈜센트라공조,정증동,02-1588-7760,서울특별시 금천구 가산동 대륭테크노타워6차104호,,,so,11,
CAC_전시매장,국제건일㈜,문한경,02-931-7777,"서울특별시 노원구 노원로15길 10(하계동, 하계테크노타운 A동 702호)",,,so,12,
CAC_전시매장,㈜신현공조씨스템,이태형,02-902-1800,서울특별시 도봉구 쌍문3동 138-67  2층,,,so,13,
CAC_전시매장,㈜산드리공조,황재환,02-2217-5579,서울특별시 동대문구 답십리동 990-2 두산상가 201호,,,so,14,
CAC_전시매장,한국공조에스에이(주),황은탁,02-822-0008,서울특별시 동작구 상도로 41 (미진빌딩 4층),,,so,15,
CAC_전시매장,(주)청운시스템,김남용,02-6393-5680,"서울특별시 마포구 월드컵북로 402, 904 (상암동, KGIT센터)",,,so,16,
CAC_전시매장,㈜제일공조시스템,이오재,02-3474-6677,서울특별시 서초구 남부순환로347길 88 ,,,so,17,
CAC_전시매장,트리코시스템(주),최승옥,02-2088-6431,서울특별시 서초구 마방로2길 15-8 (양재동),,,so,18,
CAC_전시매장,(주)신화공조기술,권태정,02-597-9779,서울특별시 서초구 방배동 919-7번지서림빌딩 4층,,,so,19,
CAC_전시매장,주식회사 영용,박용덕,02-3442-3697,서울특별시 성동구 성수동2가 289-185 4층,,,so,20,
CAC_전시매장,㈜으뜸공조,채규희,02-2291-6688,서울특별시 성동구 성수이로10길 14,,,so,21,
CAC_전시매장,이피코리아㈜,배문찬,02-465-3100,"서울특별시 성동구 아차산로 116, 5층 (성수동2가, 삼연빌딩)",,,so,22,
CAC_전시매장,주식회사 에스에이치이엔지,최수호,02-6405-7124,서울특별시 성북구 석관동 85-30,,,so,23,
CAC_전시매장,㈜세나공조시스템,하원석,02-415-3500,서울특별시 송파구 백제고분로41길 42-8 (송파동) ,,,so,24,
CAC_전시매장,성화공조시스템㈜,안윤석,02-2203-4955,서울특별시 송파구 법원로 114 (문정동) 엠스테이트 B동 901호,,,so,25,
CAC_전시매장,㈜에이치브이에이씨,김인회,02-430-1771,서울특별시 송파구 성내천로 89 (오금동) 범세빌딩 2층,,,so,26,
CAC_전시매장,서울공조㈜,유광현,02-578-7778,서울특별시 송파구 송파대로 167 (문정동) 테라타워 B동 409호 ,,,so,27,
CAC_전시매장,주식회사 나인웨이인더스트리,유재용,02-6959-4844,서울특별시 송파구 송파대로 201 송파테라타워2 B동 1411~12호,,,so,28,
CAC_전시매장,(주)예성에너지,이규경,070-4706-8233,서울특별시 송파구 양재대로62길 14 지하 1층,,,so,29,
CAC_전시매장,(주)아라비앤에이,김한선,02-2693-6733,"서울특별시 양천구 목동로23길 1, 3층 (신정동) ",,,so,30,
CAC_전시매장,주식회사 대원공조에어컨,김정진,02-2677-8274,서울특별시 영등포구 당산로52길 21 1층 대원공조에어컨,,,so,31,
CAC_전시매장,(주)토퍼스엔지니어링,강전구,02-3439-2880,서울특별시 영등포구 문래동3가 55-20 에이스하이테크시티 602호,,,so,32,
CAC_전시매장,에어테크 주식회사,임백무,02-2636-2042,서울특별시 영등포구 문래동6가 24-1 에이스하이테크시티2 1508호,,,so,33,
CAC_전시매장,㈜뉴에어솔류션,이진화,02-849-7767,"서울특별시 영등포구 여의대방로 61길2, 909호 (신길동, 천록빌딩)",,,so,34,
CAC_전시매장,영등포엔지니어링,김동언,02-2678-6439,서울특별시 영등포구 영신로 220번지 KNK 디지털타워1501호,,,so,35,
CAC_전시매장,㈜티앤티하우시스템,신광섭,02-716-0547,"서울특별시 용산구 새창로 101 용문동, 충영빌딩 1층",,,so,36,
CAC_전시매장,주식회사 이좋은공조,이흥태 ,02-749-8944,"서울특별시 용산구 새창로 213, 석우빌딩 301호",,,so,37,
CAC_전시매장,㈜크린공조시스템,임송운,02-717-1461,서울특별시 용산구 원효로35길 47,,,so,38,
CAC_전시매장,주식회사 차오름비앤에프,우호근,02-534-6004,서울특별시 용산구 이태원동 36-21번지 1성우빌딩 2층,,,so,39,
CAC_전시매장,디지털태안공조㈜,김종선,02-2265-8526,서울특별시 종로구 159 세운상가4층 ㉱열 442호 (장사동),,,so,40,
CAC_전시매장,디지털냉온특판㈜,김승진,02-2232-7878,서울특별시 종로구 숭인2동 240-1,,,so,41,
CAC_전시매장,디앤이(주),채상훈,02-2237-7766,서울특별시 중구 다산로 212 (신당동) ,,,so,42,
CAC_전시매장,엘에스네오텍㈜,구현모,02-1588-1502,서울특별시 중랑구 면목5동 150-3번지 엘지빌딩 1층,,,so,43,
CAC_전시매장,㈜부강에프앤지,김승희,02-439-7788,서울특별시 중랑구 상봉동 106-15 화성빌딩 2층,,,so,44,
CAC_전시매장,(주)삼공사,정영록,051-200-3040,"부산광역시 강서구 녹산산단17로 135, 5B동 1L호(송정동, 녹산국가산업단지)",,,bs,188,
CAC_전시매장,(주)가람테크,안형우,051-796-1972,부산광역시 강서구 대저2동 부산광역시티플렉스 131동 120호,,,bs,189,
CAC_전시매장,주식회사 KD기공,최낙경,051-627-4393,부산광역시 금정구 대두로 19번길 23-4,,,bs,190,
CAC_전시매장,㈜태양이엔지,신맹균,051-517-1255,부산광역시 금정구 무학송로 66-1,,,bs,191,
CAC_전시매장,(주)대신이엔지,박춘수,051-516-7777,부산광역시 금정구 부곡동 234-1 대신빌딩,,,bs,192,
CAC_전시매장,(주)해림이엔지,안춘호,051-582-2651,부산광역시 금정구 임석3길 22 (두구동),,,bs,193,
CAC_전시매장,㈜정진설비,김종배,051-515-8851,부산광역시 금정구 장전동 108-1 부영빌딩 2층,,,bs,194,
CAC_전시매장,(주)은하이엔지,박환출,051-803-9191,부산광역시 남구 우암로 362번길 16,,,bs,195,
CAC_전시매장,주식회사 에스에이치더블유,윤영,051-861-5000,부산광역시 남구 지게골로 101-5 3층,,,bs,196,
CAC_전시매장,(주)세일디앤이,김상수,051-523-4994,부산광역시 동래구 명안로 10번길 38,,,bs,197,
CAC_전시매장,(주)주영이앤지,김태동,055-649-5886,부산광역시 동래구 사직로 80  116동 1904호,,,bs,198,
CAC_전시매장,(주)유한공조,류희덕,051-338-7777,부산광역시 북구 만덕대로 90번길 13  2층 208호,,,bs,199,
CAC_전시매장,(주)기륭공조시스템,이응종,051-363-1183,부산광역시 북구 백양대로 1150 케아일빌딩 4층,,,bs,200,
CAC_전시매장,한미공조,표효진,051-319-2064,부산광역시 사상구 괘감로37 산업빌딩 1003호,,,bs,201,
CAC_전시매장,대경공조기술㈜,이호찬,051-342-8244,"부산광역시 사상구 모라로 22, 부산광역시벤쳐타워 1205호",,,bs,202,
CAC_전시매장,TAC 공조설비주식회사,김흥열,051-207-7771,부산광역시 사상구 새벽시장로 141-1,,,bs,203,
CAC_전시매장,(주)신광냉열기산업,이상열,051-314-2460,부산광역시 사상구 학장로 215 (학장동),,,bs,204,
CAC_전시매장,창조이엔지,전도영,051-205-0595,부산광역시 사하구 장림동 15,,,bs,205,
CAC_전시매장,(주)삼영시스템공조,정규성,051-808-7555,부산광역시 진구 시민공원로 19번길 53-13,,,bs,206,
CAC_전시매장,아이제이시스템공조 ,유익종,051-504-9119,부산광역시 진구 황령대로64번길 28(전포동),,,bs,207,
CAC_전시매장,(주)센텀공조이엔지,오창석,051-759-1665,부산광역시 해운대구 반여로 155번지 다길 41  3층,,,bs,208,
CAC_전시매장,(주)유진이엔지,김형근,051-746-0717,부산광역시 해운대구 해운대로 153번길 30-9,,,bs,209,
CAC_전시매장,(주)에스티이엔지,김상선,051-328-0997,부산광역시 해운대구 해운대로 153번길 30-9,,,bs,210,
CAC_전시매장,주식회사 웅비,정재현,053-721-6790,대구광역시 남구 봉덕남로 99  4층,,,dg,154,
CAC_전시매장,대구공조산업㈜,홍무근,053-566-4477,대구광역시 달서구 죽전동 375,,,dg,155,
CAC_전시매장,(주)에이원시스템,김영선,053-326-2890,대구광역시 달성군 옥포면 반송리 360,,,dg,156,
CAC_전시매장,㈜동형공조,이동춘,053-753-2331,"대구광역시 동구 동부로22길 72, 2층",,,dg,157,
CAC_전시매장,㈜대구공조시스템,최만영,053-255-2101,대구광역시 동구 동북로 81길 54 (신암동),,,dg,158,
CAC_전시매장,(주)센시스템 ,오현진,053-621-0058,대구광역시 동구 불로동 324-5,,,dg,159,
CAC_전시매장,(주)고려이앤씨,최진환,053-965-1113,대구광역시 동구 율암동 359-8,,,dg,160,
CAC_전시매장,(주)대신공조,옥광현,053-755-3637,대구광역시 북구 대현동 227-16,,,dg,161,
CAC_전시매장,에어컨랜드(주),김찬희,053-943-9595,대구광역시 북구 대현동 260-2,,,dg,162,
CAC_전시매장,(주)대명유통,김상종,053-384-9500,대구광역시 북구 산격동 321-8,,,dg,163,
CAC_전시매장,(주)대림공조,박지영,053-981-6777,대구광역시 북구 산격로 112번지 2층,,,dg,164,
CAC_전시매장,주식회사 송우시스템,이영준,053-352-5159,대구광역시 북구 성북로5길 20-8(침산동),,,dg,165,
CAC_전시매장,엘씨공조산업,이정례,053-526-2391,대구광역시 서구 비산동 332-11,,,dg,166,
CAC_전시매장,대경공조,조재태,053-756-8668,대구광역시 수성구 만촌2동 978-24,,,dg,167,
CAC_전시매장,한국공조주식회사,하윤수,053-939-5005,대구광역시 수성구 만촌동 185-7  동문빌딩 1층,,,dg,168,
CAC_전시매장,대구총판,안용생,053-766-0042,대구광역시 수성구 수성4가 1236-60,,,dg,169,
CAC_전시매장,(주)정훈공조,권욱진,053-762-1177,대구광역시 수성구 수성동1가 649-43,,,dg,170,
CAC_전시매장,(주)정성공조,김성호,053-762-9588,"대구광역시 수성구 수성로58길 8, 2층(수성동2가)",,,dg,171,
CAC_전시매장,(주)대한공조,지용호,053-567-3434,대구광역시시 동구 용계동 437-66,,,dg,172,
CAC_전시매장,㈜태원냉열,최정섭,053-383-5351,대구광역시시 북구 산격동 1788번지,,,dg,173,
CAC_전시매장,(주)세일시스템공조,임형택,032-553-3939,인천광역시 계양구 임학동 69-27,,,ic,219,
CAC_전시매장,(주)디아이공조,김동인,032-876-2101,인천광역시 남구 주안동 1427번지,,,ic,220,
CAC_전시매장,자이온시스템,김선배,032-433-0235,인천광역시 남동구 구월동 1550-4 구월테크노밸리 D동 501호,,,ic,221,
CAC_전시매장,(주)에너지컨설팅,김태오,070-4667-6711,인천광역시 남동구 서창남순환로 62(서창동),,,ic,222,
CAC_전시매장,엠에이산업㈜,김흥덕,032-663-2326,인천광역시 부평구 일신동 35-1 3층,,,ic,223,
CAC_전시매장,(주)유니온공조이엔지,권용철,032-501-7777,인천광역시 부평구 청천동 425 우림라이온스벨리 C-205,,,ic,224,
CAC_전시매장,주식회사미래공조,정왕섭,032-565-7771,인천광역시 서구 검암동 613-3,,,ic,225,
CAC_전시매장,(주)오아시스산업,이정섭,032-568-7666,인천광역시 서구 공촌동 300-10,,,ic,226,
CAC_전시매장,㈜지알씨앤비인터내셔널,안종문,032-564-8125,"인천광역시 서구 봉오재3로 110번길 7, 1002호, 1002호 (가정동, 가정봄프라자)",,,ic,227,
CAC_전시매장,공조기특판산업(주),최재식,032-812-2100,인천광역시 연수구 옥련동 566-1,,,ic,228,
CAC_전시매장,(주)진보에스앤씨,김승용,062-943-0433,광주광역시 광산구 신가동 760-1 (목련로306),,,gj,142,
CAC_전시매장,에스오에스공조 ,송옥순,062-575-1136,광주광역시 광산구 아산길 14,,,gj,143,
CAC_전시매장,㈜한울엔지니어링,최용,062-955-6640,광주광역시 광산구 장수동 424-43,,,gj,144,
CAC_전시매장,주식회사 지구테크,류명열,062-953-4553,광주광역시 광산구 평동산단2번로 181,,,gj,145,
CAC_전시매장,주식회사우리아이앤지,이헌배,062-959-0433,광주광역시 광산시 사암도 106번길 129-21 (우산동),,,gj,146,
CAC_전시매장,(주)성시스템,박원용,062-682-2000,광주광역시 남구 구동 37-94,,,gj,147,
CAC_전시매장,㈜협신이엠에스,서병수,062-366-7300,"광주광역시 남구 대남대로 408, 3층(월산동)",,,gj,148,
CAC_전시매장,(주)에너지공조,박병남,062-513-7000,광주광역시 북구 연제동 1090번지,,,gj,149,
CAC_전시매장,시스템에어컨(주),김성신,062-529-5577,광주광역시 북구 용전동 467-1번지,,,gj,150,
CAC_전시매장,대한공조㈜,박경석,062-603-1035,"광주광역시 서구 매월2로 53  20동 131호 (매월동, 광주광역시산업용재유통센터)",,,gj,151,
CAC_전시매장,㈜호남냉동시스템,장덕기,062-603-1033,광주광역시 서구 매월2로 53 광주광역시산업용재유통센터 11동 212호,,,gj,152,
CAC_전시매장,(주)태등,백형식,062-382-3884,광주광역시 서구 쌍촌동 970-11,,,gj,153,
CAC_전시매장,㈜태원시스템,김대석,042-489-8751,"대전광역시 서구 둔산남로 209 (둔산동, 1층)",,,dj,174,
CAC_전시매장,㈜디앤엠,김경휘,042-488-7788,"대전광역시 서구 둔산대로 117번길66, 4층 (만년동, 골드타워 416호, 417호)",,,dj,175,
CAC_전시매장,세종이엔텍,양창근,044-863-8735,"대전광역시 서구 만년로 78, 3층",,,dj,176,
CAC_전시매장,세종시스템주식회사,이근창,042-541-2041,대전광역시 서구 변동 252-62,,,dj,177,
CAC_전시매장,대전공조,김대일,042-489-0088,대전광역시 서구 용문동 216-31(도솔로519번길 50),,,dj,178,
CAC_전시매장,한주컨스트럭션,김주한,042-823-4002,대전광역시 유성구 구암동 424-42,,,dj,179,
CAC_전시매장,(주)에어맥스,김성수,042-523-5801,대전광역시 유성구 덕명동 541-5,,,dj,180,
CAC_전시매장,㈜준형,윤여문,042-935-6975,대전광역시 유성구 문지로 282-30,,,dj,181,
CAC_전시매장,태현냉동㈜,안민희,042-542-2241,대전광역시 유성구 박산로 146,,,dj,182,
CAC_전시매장,월드에너지㈜,문경율,042-822-7361,대전광역시 유성구 복용동 593-3,,,dj,183,
CAC_전시매장,청남공조기술㈜,권태우,042-631-7000,대전광역시 유성구 지족동 892-1,,,dj,184,
CAC_전시매장,(주)원시스템공조 ,정종례,042-252-4450,대전광역시 중구 계룡로 771번길 25 (용두동),,,dj,185,
CAC_전시매장,청우이엔지,배경록,042-224-4077,대전광역시 중구 문화1동 192-17,,,dj,186,
CAC_전시매장,(주)태성이엔지,김영운,042-222-0219,대전광역시 중구 용두동 179-17 (어덕마을로 33-1),,,dj,187,
CAC_전시매장,㈜일양이엔지,이헌근,052-935-8900,"울산광역시 남구 돋질로 377번길 4, 501호 (삼산동)",,,us,211,
CAC_전시매장,(주)울산시스템공조,최영인,052-247-3366,울산광역시 남구 무거동 1208-10,,,us,212,
CAC_전시매장,원스랜드주식회사,김인태,052-266-0700,울산광역시 남구 번영로 51,,,us,213,
CAC_전시매장,트윈이앤씨㈜,김경식,052-285-2455,울산광역시 북구 화봉동 1461-1,,,us,214,
CAC_전시매장,㈜부경공조산업,김영주,052-222-1213,울산광역시 울주군 범서읍 백천2길 4,,,us,215,
CAC_전시매장,보람주식회사,백진복,051-515-4875,울산광역시 중구 동천1길40 C동 607호,,,us,216,
CAC_전시매장,주식회사 태영공조,김정복,052-287-8333,울산광역시 중구 염포로 70 103호,,,us,217,
CAC_전시매장,태창에너지㈜,표영일,052-292-5757,울산광역시 중구 화합로 367 (반구동),,,us,218,
CAC_전시매장,새서울공조(주),박경진,02-353-0055,경기도 고양시 덕양구 원흥동 648-6,,,ggd,45,
CAC_전시매장,공조기산업㈜,양무현,02-796-1238,경기도 고양시 일산 동구 성현로 482번길 5,,,ggd,46,
CAC_전시매장,엘림공조,장덕수,031-906-1133,경기도 고양시 일산동구 고풍로5번길 53-20 (풍동),,,ggd,47,
CAC_전시매장,(주)하나에어시스템,신성배,031-916-7777,경기도 고양시 일산서구 덕이동 828-2번지,,,ggd,48,
CAC_전시매장,㈜넥스트에너지코리아,김영배,031-764-5616,경기도 광주시 곤지암읍 경충대로184번길 65,,,ggd,49,
CAC_전시매장,(주)온정이앤지,이학수,031-798-6900,경기도 광주시 행정타운로69번길 16 온정빌딩,,,ggd,50,
CAC_전시매장,하이테크에어컨,유중범,031-459-4300,경기도 군포시 당정동 522 SK벤티움상가 101-214,,,ggd,51,
CAC_전시매장,(주)이십일세기공조,이훈철,031-986-9733,경기도 김포시 양촌읍 누산봉성로53번길 44(이십일세기공조) ,,,ggd,52,
CAC_전시매장,(주)주원씨앤아이,손정진,031-976-7878,경기도 김포시 양촌읍 석모리 1030-5,,,ggd,53,
CAC_전시매장,디지털국제공조㈜,문한경,031-556-7500,경기도 남양주시 경춘로 804-108(일패동),,,ggd,54,
CAC_전시매장,㈜한탑공조,류기택,032-715-6295,"경기도 부천시 부천로 198번길 18 춘의동, 춘의테크노파크 II 201동 1층 110호",,,ggd,55,
CAC_전시매장,㈜피플레인종합공조,홍주명,032-710-9341,경기도 부천시 옥길동 744-3 골드타워 515호,,,ggd,56,
CAC_전시매장,㈜프라임에너지,김정목,1566-5376,"경기도 부천시 원미구 송내대로 265번길 17, 효성프라자 503호",,,ggd,57,
CAC_전시매장,(주)원일공조,이원일,031-274-7777,경기도 성남시 분당구 야탑동 148 테크노파크 B동 105호,,,ggd,58,
CAC_전시매장,(주)에이텍씨앤,신승영,031-698-7900,"경기도 성남시 분당구 판교로 289, 에이텍빌딩 3층",,,ggd,59,
CAC_전시매장,주식회사 백두공조,백승엽,02-430-7719,"경기도 성남시 수정구 복정로 159, 5층",,,ggd,60,
CAC_전시매장,코스텔(주),류성현,031-777-4553,경기도 성남시 중원구 사기막골로90번길 13(상대원동),,,ggd,61,
CAC_전시매장,한국신재생에너지㈜,이일우,070-7506-5151,경기도 성남시 중원구 상대원동 146-8 우림 라이온스밸리 A동 1601호,,,ggd,62,
CAC_전시매장,(주)혜인공조,이민형,031-754-7799,경기도 성남시 중원구 하대원동 105-1 상가104호,,,ggd,63,
CAC_전시매장,㈜삼보엔지니어링,조상욱,1899-9447,"경기도 수원 팔달 세지로 394, 405호 (우만동, 청송빌딩)",,,ggd,64,
CAC_전시매장,주식회사 케이엘 공조,김명수,1644-1418,경기도 수원시 권선구 구운동 931-4 6층,,,ggd,65,
CAC_전시매장,주식회사신한공조,황정호,031-223-5717,경기도 수원시 권선구 온정로 52,,,ggd,66,
CAC_전시매장,(주)켐스코,황종수,031-361-7646,경기도 수원시 장안구 장안로 346번길 47-24,,,ggd,67,
CAC_전시매장,경원이엔지,박문규,031-254-1911,경기도 수원시 장안구 파장천로44번길 87 (파장동),,,ggd,68,
CAC_전시매장,에어컨특판㈜,손승천,031-235-0650,경기도 수원시 팔달구 인계동 994-8 동일빌딩 201호,,,ggd,69,
CAC_전시매장,(주)에스오공조,박용모,031-245-8883,경기도 수원시 팔달구 화서동 93-26 성오스포츠센터 4층,,,ggd,70,
CAC_전시매장,(주)와이에스시스템에어컨,최윤수,070-4225-7918,경기도 시흥시 목감동 235-2 뉴홍익빌딩 2F,,,ggd,71,
CAC_전시매장,(주)코리아엔지니어링,이현수,031-488-8400,경기도 시흥시 월곶동 104-2,,,ggd,72,
CAC_전시매장,디앤에스이엔지㈜,오동준,031)407-6651,경기도 안산시 상록구 이동 581-12,,,ggd,73,
CAC_전시매장,주식회사 경일공조,조성수,031-418-6123,경기도 안산시 상록구 이동 648-1,,,ggd,74,
CAC_전시매장,화인에어텍,최종남,1544-0375,경기도 안성시 현수동 11,,,ggd,75,
CAC_전시매장,동안공조㈜,고홍환,031-458-3400,경기도 안양시 동안구 엘에스로91번길 7 2층,,,ggd,76,
CAC_전시매장,주식회사 에어컨총판,전갑천,031-386-7272,경기도 안양시 동안구 흥안대로 94번길 68 양우내안애펠리스 상가 212호,,,ggd,77,
CAC_전시매장,(주)삼광이엠씨,백상훈,031-889-6520,경기도 용인시 수지구 죽전동 1208-1 대명 제스트빌딩 304호,,,ggd,78,
CAC_전시매장,피엔케이엔지니어링㈜,권성중,031-479-4742,"경기도 의왕시 이미로 40 B동 712호(포일동, 인덕원IT밸리)",,,ggd,79,
CAC_전시매장,주식회사 그린라이프공조,정현준,031-847-2890,경기도 의정부시 금오동 384-41번지,,,ggd,80,
CAC_전시매장,주식회사 매직공조시스템,장성일,031-928-4731,"경기도 의정부시 동일로 102, 2층",,,ggd,81,
CAC_전시매장,이천공조,김상원,031-633-0018,경기도 이천시 호법면 안평리 61,,,ggd,82,
CAC_전시매장,진영공조,김현석,031-948-1171,경기도 파주시 탄현면 문지리 210-18,,,ggd,83,
CAC_전시매장,신우공조,박종찬,031-953-8725,경기도 파주시 파주읍 정문로588번길 106 (본사)<br/>경기도 고양시 일산동구 호수로 358-39 동문굿모닝타워1차 917호,,,ggd,84,
CAC_전시매장,(주)조은공조시스템,조국희,031-652-9944,경기도 평택시 비전동 809-2,,,ggd,85,
CAC_전시매장,주식회사 호원이엔지,최용수,031-531-4274,경기도 포천시 선단동 327-16,,,ggd,86,
CAC_전시매장,㈜신광공조시스템,김성묵,02-446-8433,경기도 하남시 미사강변서로25 미사테스타타워 F322,,,ggd,87,
CAC_전시매장,주식회사 가람이엔지,서해석,031-795-1346,경기도 하남시 미사강변중앙로 170번길 10 5층 502호,,,ggd,88,
CAC_전시매장,(주)부흥공조,박종복,031-794-9999,경기도 하남시 샘재로 136-1(천현동),,,ggd,89,
CAC_전시매장,㈜삼원시스템즈,장윤현,031-373-1761,경기도 화성시 동탄기흥로 257번가길 19 (방교동),,,ggd,90,
CAC_전시매장,㈜피티에이공조,박아론,1644-7154,경기도 화성시 동탄지성로 422 (반월동),,,ggd,91,
CAC_전시매장,주식회사 경기공조시스템,최난식,031-238-1500,"경기도 화성시 정남면 서봉로 855, 201호",,,ggd,92,
CAC_전시매장,(주)베스트공조,김대호,033-655-6888,강원도 강릉시 송정동 612번지 3층,,,gwd,93,
CAC_전시매장,(주)강릉공조기상사,배연순,033-642-7555,강원도 강릉시 포남동 1144-4,,,gwd,94,
CAC_전시매장,삼척공조,최종일,033-572-7800,강원도 삼척시 남양동 14-4,,,gwd,95,
CAC_전시매장,리더스엔지니어링,이성호,033-734-8201,강원도 원주시 지정면 보통로 567-1,,,gwd,96,
CAC_전시매장,하나로시스템공조,박병훈,033-746-0682,강원도 원주시 행구동 1726-3,,,gwd,97,
CAC_전시매장,(주)강원브이아이피시스템 ,김도경,033-263-6166,강원도 춘천시 동내면 동내로 141 2층,,,gwd,98,
CAC_전시매장,㈜신한공조이엔지,이만길,033-241-7076,강원도 춘천시 동면 서부대성로 491,,,gwd,99,
CAC_전시매장,진홍공조SYSTEM,안병철,033-263-9019,강원도 춘천시 후석로 455번길 51(후평동),,,gwd,100,
CAC_전시매장,신진물류,박종국,043-224-8690,충청북도 청주시 상당구 남주동 228 (무심동로336번길 37),,,ccbd,264,
CAC_전시매장,(주)대성이엔지,이상훈,043-217-7171,충청북도 청주시 상당구 사천동 174-8 (2순환로 437-5),,,ccbd,265,
CAC_전시매장,(주)대한이엔지,손희원,043-224-9191,충청북도 청주시 상당구 영운동 154-4 (영운로 57),,,ccbd,266,
CAC_전시매장,(주)하나이엔지,이춘길,043-286-4214 ,충청북도 청주시 서원구 장성동 산17,,,ccbd,267,
CAC_전시매장,㈜한일테크,김철배,043-216-2202,충청북도 청주시 청원구 오창읍 양청농소길 21-19,,,ccbd,268,
CAC_전시매장,(주)엘지공조시스템,이창손,043-255-5395,충청북도 청주시 흥덕구 사직1동 242-20 (사북로 68-1),,,ccbd,269,
CAC_전시매장,토탈이엔지,강태식,043-852-9996,충청북도 충주시 호암동 140-8,,,ccbd,270,
CAC_전시매장,(주)태멘,박덕원,043-648-4677,제천시 중앙로2가 21-5 (의림대로 145),,,ccnd,251,
CAC_전시매장,(주)엠아이텍,조형수,042-931-3106,충청남도 계룡시 두마면 입암리 64,,,ccnd,252,
CAC_전시매장,(주)금강이앤지,이숙현,041-855-7779,충청남도 공주시 신관동 323-6번지,,,ccnd,253,
CAC_전시매장,(주)충청시스템,현종순,041-734-5500,충청남도 논산시 취암동 470-64 (중앙로 341),,,ccnd,254,
CAC_전시매장,보령에어컨,명노근,041-936-2360,충청남도 보령시 동대동 1387 (큰오랏1길 72),,,ccnd,255,
CAC_전시매장,(주)주영엔지니어링,송용찬,041-669-1557,충청남도 서산시 잠홍동 371,,,ccnd,256,
CAC_전시매장,(주)제일공조연구소,한윤교,070-8186-7500,"충청남도 아산시 배방읍 월천2길 8-16, 301호",,,ccnd,257,
CAC_전시매장,(주)이플러스공조연구소,우영곤,041-622-6101,충청남도 천안시 동남구 원성동 124-2 (충절로 160),,,ccnd,258,
CAC_전시매장,신화이엔지,김태광,041-574-5127,"충청남도 천안시 동남구 통정2길 2 , 2층",,,ccnd,259,
CAC_전시매장,세연시스템공조(주),"민경국, 민대준",041-557-8592<br/>041-557-8593,충청남도 천안시 두정동 1191번지,,,ccnd,260,
CAC_전시매장,윈텍공조,박유준,041-556-0941,충청남도 천안시 서북구 두정동 774,,,ccnd,261,
CAC_전시매장,(주)세종그룹엔지니어링,이용철,070-8706-0079,"충청남도 천안시 서북구 두정중7길 46, 2층(두정동, 성지빌딩)",,,ccnd,262,
CAC_전시매장,새움시스템㈜,김도성,041-522-8822,"충청남도 천안시 서북구 차돌들길 12-7 , 4층",,,ccnd,263,
CAC_전시매장,유한회사군장공조,전주환,063-445-3223,전라북도 군산시 구암동 323-24,,,jlbd,237,
CAC_전시매장,(유)제일엔지니어링,송호용,063-858-1302,전라북도 익산시 남중동 102-1,,,jlbd,238,
CAC_전시매장,(유)한길공조,황규연,063-853-2255,전라북도 익산시 남중동 41-10,,,jlbd,239,
CAC_전시매장,금성이앤씨,김재순,063-231-6237,전라북도 전수지 완산구 평화동1가 580-3,,,jlbd,240,
CAC_전시매장,(유)진보공조,백종문,063-253-5916,전라북도 전주시 덕진구 번영로 281,,,jlbd,241,
CAC_전시매장,에스엠엔지니어링,이상원,063-283-2200,전라북도 전주시 덕진구 상리4길 22번지,,,jlbd,242,
CAC_전시매장,(유)월드시스템공조,김현철,063-271-2002,"전라북도 전주시 덕진구 시천로 114, 3층 2호  (송천동2가)",,,jlbd,243,
CAC_전시매장,(유)유진시스템공조,강문,063-244-4000,전라북도 전주시 덕진구 우아3가 748-11 2층,,,jlbd,244,
CAC_전시매장,(유)신성공조시스템,박학수,063-228-2182,전라북도 전주시 덕진구 정여립로 858,,,jlbd,245,
CAC_전시매장,지에이시스템,원승연,063-241-2000,전라북도 전주시 완산구 중화산동2가 578-7,,,jlbd,246,
CAC_전시매장,(주)제이앤지,박종우,063-271-3207,전라북도 전주시 완산구 효자동 3가 1200 전주대학교 벤처창업관 206호,,,jlbd,247,
CAC_전시매장,㈜라인이엔지,이광석,061-795-2283,전라남도 광양시 옥곡면 강변로 454,,,jlnd,229,
CAC_전시매장,(유)한국공조시스템,안종문,062-224-3988,전라남도 담양군 담양읍 삼만리 533-1,,,jlnd,230,
CAC_전시매장,(유)전남에어컨총판,조가현,061-262-8000,전라남도 목포시 상동 881-2,,,jlnd,231,
CAC_전시매장,(유)황금건설,이종열,061-285-1177,전라남도 목포시 하당로34번길 20(상동),,,jlnd,232,
CAC_전시매장,(주)토탈시스템 ,정진형,061-811-3070,"전라남도 순천시 충효로 127, 2층(조례동)",,,jlnd,233,
CAC_전시매장,(주)일진공조,우제,061-745-0888,전라남도 순천시 해룡면 율촌로 227-3,,,jlnd,234,
CAC_전시매장,넥스원 주식회사,김봉현,061-652-2962,전라남도 여수시 문수북5길 19-10,,,jlnd,235,
CAC_전시매장,(주)미래이앤씨,박찬규,062-710-7150,전라남도 여수시 율촌면 조화리 7-1,,,jlnd,236,
CAC_전시매장,(주)경북공조에너지,박상준,053-811-3005,경상북도 경산시 남매로2길 7번지,,,gsbd,125,
CAC_전시매장,(주)거성이엔지,이이철,054-463-1832,경상북도 구미시 고아읍 대평14길 11,,,gsbd,126,
CAC_전시매장,(주)에어컨구미총판,황대영,054-457-0400,경상북도 구미시 박정희로 409,,,gsbd,127,
CAC_전시매장,㈜중부공조,남미수,054-456-6666,경상북도 구미시 칠성로 33,,,gsbd,128,
CAC_전시매장,㈜유신공조시스템,박상민,054-433-7706,경상북도 김천시 신음동 499-4,,,gsbd,129,
CAC_전시매장,(주)문경공조,조영래,054-555-2173,경상북도 문경시 모전동 966-7,,,gsbd,130,
CAC_전시매장,대동공조,김승묵,054-536-7770,경상북도 상주시 서문동 154-14번지,,,gsbd,131,
CAC_전시매장,"(주)창성공조,기계",천성용,054-853-3600,경상북도 안동시 옥야동 28-6,,,gsbd,132,
CAC_전시매장,안동공조㈜,김광동,054-858-3767,경상북도 안동시 이송천리 산 55,,,gsbd,133,
CAC_전시매장,서울냉동공조,이종철,054-631-3975,경상북도 영주시 영주2동 424-8,,,gsbd,134,
CAC_전시매장,(주)라온,서정을,054-636-9900,경상북도 영주시 원당로 49,,,gsbd,135,
CAC_전시매장,(주)그린에어시스템,윤창권,054-332-9696,경상북도 영천시 야사동 252-6 (2F),,,gsbd,136,
CAC_전시매장,㈜신원이엔지,이주연,054-834-9889,경상북도 의성군 의성읍 문소3길 74,,,gsbd,137,
CAC_전시매장,(주)대현엔지니어링,고용권,054-977-4834,경상북도 칠곡군 동명면 구덕길 40-4,,,gsbd,138,
CAC_전시매장,(주)반다이앤에스,이형진,053-763-5648,경상북도 칠곡군 지천면 금호리 11-2,,,gsbd,139,
CAC_전시매장,(주)아이랙스,박승민,054-274-1414,경상북도 포항시 남구 상도동 5-10,,,gsbd,140,
CAC_전시매장,(주)동영,이연우,054-774-8181,경상북도 포항시 남구 효자동 604-2번지 동영빌딩 3층,,,gsbd,141,
CAC_전시매장,거영공조㈜,이재휴,055-635-8007,경상남도 거제시 상동동 514-3번지,,,gsnd,101,
CAC_전시매장,에이치에스이엔지㈜,윤호성,055-313-8228,경상남도 김해시 내덕로56번길 3-14 (내덕동),,,gsnd,102,
CAC_전시매장,㈜에이스기공,송진영,055-338-1812,경상남도 김해시 대동면 동남로 91번길 34,,,gsnd,103,
CAC_전시매장,김해공조,"문대식, 문지훈",055-321-7777,경상남도 김해시 외동 672-4,,,gsnd,104,
CAC_전시매장,우영,박덕우,055-312-5001,경상남도 김해시 율하동 1346-2 에코빌딩 3층,,,gsnd,105,
CAC_전시매장,글로벌공조,백용흠,055-353-0038,경상남도 밀양시 시청서2길 19 (내이동),,,gsnd,106,
CAC_전시매장,삼덕공조㈜,배민호,055-854-9995,"경상남도 사천시 사천읍 동문2길 119, 1층",,,gsnd,107,
CAC_전시매장,(주)한진솔라,박경호,055-759-4184,경상남도 진주시 남강로 1089 상평동,,,gsnd,108,
CAC_전시매장,㈜건아시스템,심은성,055-761-7778,경상남도 진주시 신안동 17-43번지 천수B/D 3층,,,gsnd,109,
CAC_전시매장,경남공조㈜,"문제웅, 문정식",055-755-9933,경상남도 진주시 주약동 161-8,,,gsnd,110,
CAC_전시매장,(주) 한강,김철규,070-4348-6873,경상남도 진주시 진양호로293번길 16-6(신안동) 2층 202호,,,gsnd,111,
CAC_전시매장,금아냉열㈜,허태용,055-747-8849,"경상남도 진주시 촉석로 86번길5, 인사동",,,gsnd,112,
CAC_전시매장,(주)예스특판 ,이용석,055-281-9638,경상남도 창원시 마산합포구 북성로5 창동 오피스텔 402호,,,gsnd,113,
CAC_전시매장,에어시스템 주식회사,손대근,055-224-3008,경상남도 창원시 마산합포구 산호동 312-31,,,gsnd,114,
CAC_전시매장,신화공조,손거현,055-245-2000,경상남도 창원시 마산합포구 상남동 268-5,,,gsnd,115,
CAC_전시매장,(주)유앤아이시스템,정원목,055-243-2422,"경상남도 창원시 마산합포구 중앙동1가, 1-18   1층",,,gsnd,116,
CAC_전시매장,지엘공조시스템,김대식,055-277-6589,"경상남도 창원시 성산구 반송로29번길 2, 2층(반지동)",,,gsnd,117,
CAC_전시매장,㈜대성파인텍,김병준,055-250-5455,경상남도 창원시 성산구 성산패총로24번길 16 (성산동),,,gsnd,118,
CAC_전시매장,㈜에어플랜,이상정,055-283-2594,"경상남도 창원시 성산구 완암로 50 넥스동 409호 (성산동, SK테크노파크)",,,gsnd,119,
CAC_전시매장,(주)대한기술,손종복,055-298-0100,경상남도 창원시 의창구 도계동 303-5,,,gsnd,120,
CAC_전시매장,(주)하이공조시스템,엄태석,055-237-0777,경상남도 창원시 의창구 명서동 185-11번지,,,gsnd,121,
CAC_전시매장,(주)경진공조,정현진,055-237-0908,경상남도 창원시 의창구 사림동 143-14,,,gsnd,122,
CAC_전시매장,주식회사 현공조시스템,최효기,055-714-1176,경상남도 창원시 진해구 충장로 339 대방빌리지 102호,,,gsnd,123,
CAC_전시매장,히트펌프마트,김상문,055-582-4123,경상남도 함안군 대산면 하기1길 63,,,gsnd,124,
CAC_전시매장,새한공조(주),이세문,064-762-7036,제주도 서귀포시 토평동 1093-5,,,jjd,248,
CAC_전시매장,제주공조(주),변동기,064-745-9977,제주도 제주시 오라3동 2744-1,,,jjd,249,
CAC_전시매장,주식회사한국공조시스템,이종근,064-752-1300,제주도 제주시 황사 평길 2 / 제주시 화북2동3141-4,,,jjd,250,
